{"cameraMode":{"drawMode":0,"name":"Shaded","section":"Shading Mode"},"sceneLighting":true,"audioPlay":false,"sceneViewState":{"m_AlwaysRefresh":false,"showFog":true,"showSkybox":true,"showFlares":true,"showImageEffects":true,"showParticleSystems":true,"showVisualEffectGraphs":true,"m_FxEnabled":true},"in2DMode":false,"pivot":{"x":-323.50189208984377,"y":71.00447082519531,"z":-28.955183029174806},"rotation":{"x":-0.08618149906396866,"y":-0.06959016621112824,"z":0.006038112100213766,"w":-0.9938375949859619},"size":3.5737738609313967,"orthographic":false}